[{"Date":"\/Date(1641934800000+0300)\/","Id":1,"Librarian":{"Comission":"20","ComissionPercent":"10","Email":"dashaudenich@mail.ru","FIO":"Юденичева Д.С.","Id":2,"Password":"32eZm0F69bW5v1NaUUqrKA==","Role":0,"Salary":"20000"},"Sum":0,"UserId":2},{"Date":"\/Date(1645995600000+0300)\/","Id":4,"Librarian":{"Comission":"25","ComissionPercent":"10","Email":"yudendashaske7305@gmail.com","FIO":"Юденичева Дарья Сергеевна2","Id":6,"Password":"GwlPvBtC7bcdFfwxo1tZvA==","Role":0,"Salary":"25000"},"Sum":5001.75,"UserId":6},{"Date":"\/Date(1632949200000+0300)\/","Id":5,"Librarian":{"Comission":"25","ComissionPercent":"10","Email":"yudendashaske7305@gmail.com","FIO":"Юденичева Дарья Сергеевна2","Id":6,"Password":"GwlPvBtC7bcdFfwxo1tZvA==","Role":0,"Salary":"25000"},"Sum":20006.5,"UserId":6},{"Date":"\/Date(1638219600000+0300)\/","Id":6,"Librarian":{"Comission":"25","ComissionPercent":"10","Email":"yudendashaske7305@gmail.com","FIO":"Юденичева Дарья Сергеевна2","Id":6,"Password":"GwlPvBtC7bcdFfwxo1tZvA==","Role":0,"Salary":"25000"},"Sum":25025,"UserId":6},{"Date":"\/Date(1640898000000+0300)\/","Id":7,"Librarian":{"Comission":"25","ComissionPercent":"10","Email":"yudendashaske7305@gmail.com","FIO":"Юденичева Дарья Сергеевна2","Id":6,"Password":"GwlPvBtC7bcdFfwxo1tZvA==","Role":0,"Salary":"25000"},"Sum":20025,"UserId":6}]